{
    "parent": "block/tinted_cross",
    "textures": {
        "particle": "#cross"
    },
    "elements": [
        {
            "from": [4, 0, -2],
            "to": [4, 16, 14],
            "rotation": {"angle": 22.5, "axis": "y", "origin": [-3.5, -16, 6.5]},
            "faces": {
                "east": {"uv": [0, 0, 16, 16], "texture": "#cross"},
                "west": {"uv": [0, 0, 16, 16], "texture": "#cross"}
            }
        },
        {
            "from": [5.5, -2.5, 5],
            "to": [5.5, 13.5, 21],
            "rotation": {"angle": -22.5, "axis": "y", "origin": [5.5, -18.5, 21]},
            "faces": {
                "east": {"uv": [0, 0, 16, 16], "texture": "#cross"},
                "west": {"uv": [0, 0, 16, 15.5], "texture": "#cross"}
            }
        },
        {
            "from": [7.5, 0, 2.5],
            "to": [23.5, 16, 2.5],
            "rotation": {"angle": -45, "axis": "y", "origin": [7.5, 0, 2.5]},
            "faces": {
                "north": {"uv": [0, 0, 16, 15.5], "texture": "#cross"},
                "south": {"uv": [0, 0, 16, 16], "texture": "#cross"}
            }
        },
        {
            "from": [7.5, 0, 13.5],
            "to": [23.5, 16, 13.5],
            "rotation": {"angle": 45, "axis": "y", "origin": [7.5, 0, 13.5]},
            "faces": {
                "north": {"uv": [0, 0, 16, 16], "texture": "#cross"},
                "south": {"uv": [0, 0, 16, 16], "texture": "#cross"}
            }
        },
        {
            "from": [1, -2.5, 10],
            "to": [17, 13.5, 10],
            "rotation": {"angle": -22.5, "axis": "y", "origin": [1, -18.5, 10]},
            "faces": {
                "north": {"uv": [0, 0, 16, 15.5], "texture": "#cross"},
                "south": {"uv": [0, 0, 16, 16], "texture": "#cross"}
            }
        },
        {
            "from": [-7.5, 0, 4],
            "to": [8.5, 16, 4],
            "rotation": {"angle": 22.5, "axis": "y", "origin": [0.5, -16, -3.75]},
            "faces": {
                "north": {"uv": [0, 0, 16, 16], "texture": "#cross"},
                "south": {"uv": [0, 0, 16, 16], "texture": "#cross"}
            }
        }
    ]
}