{
    "parent": "block/block",
    "textures": {
        "particle": "#all"
    },
    "elements": [
        {
            "from": [ 0, 8, 0 ],
            "to": [ 16, 8, 16 ],
            "rotation": { "origin": [ 8, 8, 8 ], "axis": "x", "angle": 45, "rescale": true },
            "shade": false,
            "faces": {
                "up": { "uv": [ 0, 0, 16, 16 ], "texture": "#all", "tintindex": 0 },
                "down": { "uv": [ 0, 0, 16, 16 ], "texture": "#all", "tintindex": 0 }
            }
        },
        {
            "from": [ 0, 8, 0 ],
            "to": [ 16, 8, 16 ],
            "rotation": { "origin": [ 8, 8, 8 ], "axis": "x", "angle": -45, "rescale": true },
            "shade": false,
            "faces": {
                "up": { "uv": [ 0, 0, 16, 16 ], "texture": "#all", "tintindex": 0 },
                "down": { "uv": [ 0, 0, 16, 16 ], "texture": "#all", "tintindex": 0 }
            }
        },
        {
            "from": [ 0, 8, 0 ],
            "to": [ 16, 8, 16 ],
            "rotation": { "origin": [ 8, 8, 8 ], "axis": "z", "angle": 45, "rescale": true },
            "shade": false,
            "faces": {
                "up":  { "uv": [ 0, 0, 16, 16 ], "texture": "#all", "tintindex": 0 },
                "down":  { "uv": [ 0, 0, 16, 16 ], "texture": "#all", "tintindex": 0 }
            }
        },
        {
            "from": [ 0, 8, 0 ],
            "to": [ 16, 8, 16 ],
            "rotation": { "origin": [ 8, 8, 8 ], "axis": "z", "angle": -45, "rescale": true },
            "shade": false,
            "faces": {
                "up":  { "uv": [ 0, 0, 16, 16 ], "texture": "#all", "tintindex": 0 },
                "down":  { "uv": [ 0, 0, 16, 16 ], "texture": "#all", "tintindex": 0 }
            }
        },
        {
            "from": [ -4, -4, 8 ],
            "to": [ 20, 20, 8 ],
            "rotation": { "origin": [ 8, 8, 8 ], "axis": "y", "angle": 45, "rescale": true },
            "faces": {
                "north":  { "uv": [ 0, 0, 16, 16 ], "texture": "#all", "tintindex": 0 },
                "south":  { "uv": [ 0, 0, 16, 16 ], "texture": "#all", "tintindex": 0 }
            }
        },
        {
            "from": [ 8, -4, -4 ],
            "to": [ 8, 20, 20 ],
            "rotation": { "origin": [ 8, 8, 8 ], "axis": "y", "angle": 45, "rescale": true },
            "faces": {
                "east":  { "uv": [ 0, 0, 16, 16 ], "texture": "#all", "tintindex": 0 },
                "west":  { "uv": [ 0, 0, 16, 16 ], "texture": "#all", "tintindex": 0 }
            }
        }
    ]
}