{
    "variants": {
        "bottom=false,distance=0": { "model": "addon:block/oak_scaffolding_stable" },
        "bottom=true,distance=0": { "model": "addon:block/oak_scaffolding_unstable" },
        "bottom=false,distance=1": { "model": "addon:block/spruce_scaffolding_stable" },
        "bottom=true,distance=1": { "model": "addon:block/spruce_scaffolding_unstable" },
        "bottom=false,distance=2": { "model": "addon:block/birch_scaffolding_stable" },
        "bottom=true,distance=2": { "model": "addon:block/birch_scaffolding_unstable" },
        "bottom=false,distance=3": { "model": "addon:block/jungle_scaffolding_stable" },
        "bottom=true,distance=3": { "model": "addon:block/jungle_scaffolding_unstable" },
        "bottom=false,distance=4": { "model": "addon:block/dark_oak_scaffolding_stable" },
        "bottom=true,distance=4": { "model": "addon:block/dark_oak_scaffolding_unstable" }
    }
}