{
    "variants": {
        "powered=true,attached=false,disarmed=false,north=false,east=false,south=false,west=false": [
            { "model": "addon:block/herbs_1" },
            { "model": "addon:block/herbs_2" }
        ],
        "powered=true,attached=false,disarmed=false,north=false,east=false,south=false,west=true": { "model": "addon:block/curtain_north_top" },
        "powered=true,attached=false,disarmed=false,north=false,east=false,south=true,west=false": { "model": "addon:block/curtain_north" },
        "powered=true,attached=false,disarmed=false,north=false,east=false,south=true,west=true": { "model": "addon:block/curtain_north_bottom" },
        "powered=true,attached=false,disarmed=false,north=false,east=true,south=false,west=false": { "model": "addon:block/curtain_east_top" },
        "powered=true,attached=false,disarmed=false,north=false,east=true,south=false,west=true": { "model": "addon:block/curtain_east" },
        "powered=true,attached=false,disarmed=false,north=false,east=true,south=true,west=false": { "model": "addon:block/curtain_east_bottom" },
        "powered=true,attached=false,disarmed=false,north=false,east=true,south=true,west=true": { "model":  "addon:block/spoked_wooden_wheel" },
        "powered=true,attached=false,disarmed=false,north=true,east=false,south=false,west=false": { "model":  "addon:block/alpine_bearberry" },
        "powered=true,attached=false,disarmed=false,north=true,east=false,south=false,west=true": { "model":  "addon:block/alpine_sow_thistle" },
        "powered=true,attached=false,disarmed=false,north=true,east=false,south=true,west=false": { "model":  "addon:block/athelas" },
        "powered=true,attached=false,disarmed=false,north=true,east=false,south=true,west=true": { "model":  "addon:block/birdsfoot_trefoil" },
        "powered=true,attached=false,disarmed=false,north=true,east=true,south=false,west=false": { "model":  "addon:block/black_knapweed" },
        "powered=true,attached=false,disarmed=false,north=true,east=true,south=false,west=true": { "model":  "addon:block/bog_asphodel" },
        "powered=true,attached=false,disarmed=false,north=true,east=true,south=true,west=false": { "model":  "addon:block/bottle_sedge" },
        "powered=true,attached=false,disarmed=false,north=true,east=true,south=true,west=true": { "model":  "addon:block/buttercups" },
        "powered=true,attached=false,disarmed=true,north=false,east=false,south=false,west=false": { "model":  "addon:block/common_cow_wheat" },
        "powered=true,attached=false,disarmed=true,north=false,east=false,south=false,west=true": { "model":  "addon:block/cotton_grass" },
        "powered=true,attached=false,disarmed=true,north=false,east=false,south=true,west=false": { "model":  "addon:block/cow_parsley" },
        "powered=true,attached=false,disarmed=true,north=false,east=false,south=true,west=true": { "model":  "addon:block/cross_leaved_heath" },
        "powered=true,attached=false,disarmed=true,north=false,east=true,south=false,west=false": { "model":  "addon:block/dead_grass" },
        "powered=true,attached=false,disarmed=true,north=false,east=true,south=false,west=true": { "model":  "addon:block/dead_reeds" },
        "powered=true,attached=false,disarmed=true,north=false,east=true,south=true,west=false": { "model":  "addon:block/dooryard_dock" },
        "powered=true,attached=false,disarmed=true,north=false,east=true,south=true,west=true": { "model":  "addon:block/dry_reeds" },
        "powered=true,attached=false,disarmed=true,north=true,east=false,south=false,west=false": { "model":  "addon:block/elanor" },
        "powered=true,attached=false,disarmed=true,north=true,east=false,south=false,west=true": { "model":  "addon:block/goldenrod" },
        "powered=true,attached=false,disarmed=true,north=true,east=false,south=true,west=false": { "model":  "addon:block/greater_wood_rush" },
        "powered=true,attached=false,disarmed=true,north=true,east=false,south=true,west=true": { "model":  "addon:block/green_meadow_fescue" },
        "powered=true,attached=false,disarmed=true,north=true,east=true,south=false,west=false": { "model":  "addon:block/green_spurge" },
        "powered=true,attached=false,disarmed=true,north=true,east=true,south=false,west=true": { "model":  "addon:block/harebell" },
        "powered=true,attached=false,disarmed=true,north=true,east=true,south=true,west=false": { "model":  "addon:block/harts_tongue_fern" },
        "powered=true,attached=false,disarmed=true,north=true,east=true,south=true,west=true": { "model":  "addon:block/heather" },
        "powered=true,attached=true,disarmed=false,north=false,east=false,south=false,west=false": { "model":  "addon:block/iris" },
        "powered=true,attached=true,disarmed=false,north=false,east=false,south=false,west=true": { "model":  "addon:block/kentucky_bluegrass" },
        "powered=true,attached=true,disarmed=false,north=false,east=false,south=true,west=false": { "model":  "addon:block/knapweed" },
        "powered=true,attached=true,disarmed=false,north=false,east=false,south=true,west=true": { "model":  "addon:block/lobelia_flowers" },
        "powered=true,attached=true,disarmed=false,north=false,east=true,south=false,west=false": { "model":  "addon:block/marigold" },
        "powered=true,attached=true,disarmed=false,north=false,east=true,south=false,west=true": { "model":  "addon:block/marsh_ragwort" },
        "powered=true,attached=true,disarmed=false,north=false,east=true,south=true,west=false": { "model":  "addon:block/meadow_fescue" },
        "powered=true,attached=true,disarmed=false,north=false,east=true,south=true,west=true": { "model":  "addon:block/meadow_saffron" },
        "powered=true,attached=true,disarmed=false,north=true,east=false,south=false,west=false": { "model":  "addon:block/mediterranean_wild_tulip" },
        "powered=true,attached=true,disarmed=false,north=true,east=false,south=false,west=true": { "model":  "addon:block/melancholy_thistle" },
        "powered=true,attached=true,disarmed=false,north=true,east=false,south=true,west=false": { "model":  "addon:block/moorland_spotted_orchid" },
        "powered=true,attached=true,disarmed=false,north=true,east=false,south=true,west=true": { "model":  "addon:block/nettles" },
        "powered=true,attached=true,disarmed=false,north=true,east=true,south=false,west=false": { "model":  "addon:block/nightshade" },
        "powered=true,attached=true,disarmed=false,north=true,east=true,south=false,west=true": { "model":  "addon:block/niphredil" },
        "powered=true,attached=true,disarmed=false,north=true,east=true,south=true,west=false": { "model":  "addon:block/orpine" },
        "powered=true,attached=true,disarmed=false,north=true,east=true,south=true,west=true": { "model":  "addon:block/pasque_flower" },
        "powered=true,attached=true,disarmed=true,north=false,east=false,south=false,west=false": { "model":  "addon:block/prickly_pear_cacti_baby" },
        "powered=true,attached=true,disarmed=true,north=false,east=false,south=false,west=true": { "model":  "addon:block/prickly_pear_cacti_grown" },
        "powered=true,attached=true,disarmed=true,north=false,east=false,south=true,west=false": { "model":  "addon:block/prickly_pear_cacti_medium" },
        "powered=true,attached=true,disarmed=true,north=false,east=false,south=true,west=true": { "model":  "addon:block/prickly_pear_cacti_young" },
        "powered=true,attached=true,disarmed=true,north=false,east=true,south=false,west=false": { "model":  "addon:block/purple_moor_grass" },
        "powered=true,attached=true,disarmed=true,north=false,east=true,south=false,west=true": { "model":  "addon:block/purple_wolfs_bane" },
        "powered=true,attached=true,disarmed=true,north=false,east=true,south=true,west=false": { "model":  "addon:block/red_clover_flowers" },
        "powered=true,attached=true,disarmed=true,north=false,east=true,south=true,west=true": { "model":  "addon:block/red_common_cow_wheat" },
        "powered=true,attached=true,disarmed=true,north=true,east=false,south=false,west=false": { "model":  "addon:block/rock_rose" },
        "powered=true,attached=true,disarmed=true,north=true,east=false,south=false,west=true": { "model":  "addon:block/rosebay_willowherb" },
        "powered=true,attached=true,disarmed=true,north=true,east=false,south=true,west=false": { "model":  "addon:block/rushes" },
        "powered=true,attached=true,disarmed=true,north=true,east=false,south=true,west=true": { "model":  "addon:block/sea_arrowgrass" },
        "powered=true,attached=true,disarmed=true,north=true,east=true,south=false,west=false": { "model":  "addon:block/sea_lavender" },
        "powered=true,attached=true,disarmed=true,north=true,east=true,south=false,west=true": { "model":  "addon:block/sedge" },
        "powered=true,attached=true,disarmed=true,north=true,east=true,south=true,west=false": { "model":  "addon:block/simbelmyne" },
        "powered=true,attached=true,disarmed=true,north=true,east=true,south=true,west=true": { "model":  "addon:block/small_cacti" },
        "powered=false,attached=false,disarmed=true,north=false,east=false,south=false,west=false": { "model":  "addon:block/small_fescue" },
        "powered=false,attached=false,disarmed=true,north=false,east=false,south=false,west=true": { "model":  "addon:block/small_scabious" },
        "powered=false,attached=false,disarmed=true,north=false,east=false,south=true,west=false": { "model":  "addon:block/sweet_grass" },
        "powered=false,attached=false,disarmed=true,north=false,east=false,south=true,west=true": { "model":  "addon:block/thyme" },
        "powered=false,attached=false,disarmed=true,north=false,east=true,south=false,west=false": { "model":  "addon:block/timothy_grass" },
        "powered=false,attached=false,disarmed=true,north=false,east=true,south=false,west=true": { "model":  "addon:block/water_mint" },
        "powered=false,attached=false,disarmed=true,north=false,east=true,south=true,west=false": { "model":  "addon:block/wavy_hair_grass" },
        "powered=false,attached=false,disarmed=true,north=false,east=true,south=true,west=true": { "model":  "addon:block/wild_basil" },
        "powered=false,attached=false,disarmed=true,north=true,east=false,south=false,west=false": { "model":  "addon:block/wild_dagga" },
        "powered=false,attached=false,disarmed=true,north=true,east=false,south=false,west=true": { "model":  "addon:block/wild_daisy" },
        "powered=false,attached=false,disarmed=true,north=true,east=false,south=true,west=false": { "model":  "addon:block/wild_parsley" }
    }
}