{
    "parent": "item/generated",
    "textures": {
        "layer0": "item/barrier"
    },
    "overrides": [
        { "predicate": {"custom_model_data": 1 }, "model": "addon:block/nailed_oak_planks_1" },
        { "predicate": {"custom_model_data": 2 }, "model": "addon:block/nailed_oak_slab_1" },
        { "predicate": {"custom_model_data": 3 }, "model": "addon:block/reinforced_spruce_planks" },
        { "predicate": {"custom_model_data": 4 }, "model": "addon:block/reinforced_spruce_slab" }
    ]
}