{
    "parent": "item/generated",
    "textures": {
        "layer0": "block/grass"
    },
    "overrides": [
        { "predicate": {"custom_model_data": 1 }, "model": "addon:block/curtain_north_top" },
        { "predicate": {"custom_model_data": 2 }, "model": "addon:block/curtain_north" },
        { "predicate": {"custom_model_data": 3 }, "model": "addon:block/curtain_north_bottom" },
        { "predicate": {"custom_model_data": 4 }, "model": "addon:block/curtain_east_top" },
        { "predicate": {"custom_model_data": 5 }, "model": "addon:block/curtain_east" },
        { "predicate": {"custom_model_data": 6 }, "model": "addon:block/curtain_east_bottom" },
        { "predicate": {"custom_model_data": 7 }, "model": "addon:block/spoked_wooden_wheel" },
        { "predicate": {"custom_model_data": 8 }, "model": "addon:block/alpine_bearberry" },
        { "predicate": {"custom_model_data": 9 }, "model": "addon:block/alpine_sow_thistle" },
        { "predicate": {"custom_model_data": 10 }, "model": "addon:block/athelas" },
        { "predicate": {"custom_model_data": 11 }, "model": "addon:block/birdsfoot_trefoil" },
        { "predicate": {"custom_model_data": 12 }, "model": "addon:block/black_knapweed" },
        { "predicate": {"custom_model_data": 13 }, "model": "addon:block/bog_asphodel" },
        { "predicate": {"custom_model_data": 14 }, "model": "addon:block/bottle_sedge" },
        { "predicate": {"custom_model_data": 15 }, "model": "addon:block/buttercups" },
        { "predicate": {"custom_model_data": 16 }, "model": "addon:block/common_cow_wheat" },
        { "predicate": {"custom_model_data": 17 }, "model": "addon:block/cotton_grass" },
        { "predicate": {"custom_model_data": 18 }, "model": "addon:block/cow_parsley" },
        { "predicate": {"custom_model_data": 19 }, "model": "addon:block/cross_leaved_heath" },
        { "predicate": {"custom_model_data": 20 }, "model": "addon:block/dead_grass" },
        { "predicate": {"custom_model_data": 21 }, "model": "addon:block/dead_reeds" },
        { "predicate": {"custom_model_data": 22 }, "model": "addon:block/dooryard_dock" },
        { "predicate": {"custom_model_data": 23 }, "model": "addon:block/dry_reeds" },
        { "predicate": {"custom_model_data": 24 }, "model": "addon:block/elanor" },
        { "predicate": {"custom_model_data": 25 }, "model": "addon:block/goldenrod" },
        { "predicate": {"custom_model_data": 26 }, "model": "addon:block/greater_wood_rush" },
        { "predicate": {"custom_model_data": 27 }, "model": "addon:block/green_meadow_fescue" },
        { "predicate": {"custom_model_data": 28 }, "model": "addon:block/green_spurge" },
        { "predicate": {"custom_model_data": 29 }, "model": "addon:block/harebell" },
        { "predicate": {"custom_model_data": 30 }, "model": "addon:block/harts_tongue_fern" },
        { "predicate": {"custom_model_data": 31 }, "model": "addon:block/heather" },
        { "predicate": {"custom_model_data": 32 }, "model": "addon:block/iris" },
        { "predicate": {"custom_model_data": 33 }, "model": "addon:block/kentucky_bluegrass" },
        { "predicate": {"custom_model_data": 34 }, "model": "addon:block/knapweed" },
        { "predicate": {"custom_model_data": 35 }, "model": "addon:block/lobelia_flowers" },
        { "predicate": {"custom_model_data": 36 }, "model": "addon:block/marigold" },
        { "predicate": {"custom_model_data": 37 }, "model": "addon:block/marsh_ragwort" },
        { "predicate": {"custom_model_data": 38 }, "model": "addon:block/meadow_fescue" },
        { "predicate": {"custom_model_data": 39 }, "model": "addon:block/meadow_saffron" },
        { "predicate": {"custom_model_data": 40 }, "model": "addon:block/mediterranean_wild_tulip" },
        { "predicate": {"custom_model_data": 41 }, "model": "addon:block/melancholy_thistle" },
        { "predicate": {"custom_model_data": 42 }, "model": "addon:block/moorland_spotted_orchid" },
        { "predicate": {"custom_model_data": 43 }, "model": "addon:block/nettles" },
        { "predicate": {"custom_model_data": 44 }, "model": "addon:block/nightshade" },
        { "predicate": {"custom_model_data": 45 }, "model": "addon:block/niphredil" },
        { "predicate": {"custom_model_data": 46 }, "model": "addon:block/orpine" },
        { "predicate": {"custom_model_data": 47 }, "model": "addon:block/pasque_flower" },
        { "predicate": {"custom_model_data": 48 }, "model": "addon:block/prickly_pear_cacti_baby" },
        { "predicate": {"custom_model_data": 49 }, "model": "addon:block/prickly_pear_cacti_grown" },
        { "predicate": {"custom_model_data": 50 }, "model": "addon:block/prickly_pear_cacti_medium" },
        { "predicate": {"custom_model_data": 51 }, "model": "addon:block/prickly_pear_cacti_young" },
        { "predicate": {"custom_model_data": 52 }, "model": "addon:block/purple_moor_grass" },
        { "predicate": {"custom_model_data": 53 }, "model": "addon:block/purple_wolfs_bane" },
        { "predicate": {"custom_model_data": 54 }, "model": "addon:block/red_clover_flowers" },
        { "predicate": {"custom_model_data": 55 }, "model": "addon:block/red_common_cow_wheat" },
        { "predicate": {"custom_model_data": 56 }, "model": "addon:block/rock_rose" },
        { "predicate": {"custom_model_data": 57 }, "model": "addon:block/rosebay_willowherb" },
        { "predicate": {"custom_model_data": 58 }, "model": "addon:block/rushes" },
        { "predicate": {"custom_model_data": 59 }, "model": "addon:block/sea_arrowgrass" },
        { "predicate": {"custom_model_data": 60 }, "model": "addon:block/sea_lavender" },
        { "predicate": {"custom_model_data": 61 }, "model": "addon:block/sedge" },
        { "predicate": {"custom_model_data": 62 }, "model": "addon:block/simbelmyne" },
        { "predicate": {"custom_model_data": 63 }, "model": "addon:block/small_cacti" },
        { "predicate": {"custom_model_data": 64 }, "model": "addon:block/small_fescue" },
        { "predicate": {"custom_model_data": 65 }, "model": "addon:block/small_scabious" },
        { "predicate": {"custom_model_data": 66 }, "model": "addon:block/sweet_grass" },
        { "predicate": {"custom_model_data": 67 }, "model": "addon:block/thyme" },
        { "predicate": {"custom_model_data": 68 }, "model": "addon:block/timothy_grass" },
        { "predicate": {"custom_model_data": 69 }, "model": "addon:block/water_mint" },
        { "predicate": {"custom_model_data": 70 }, "model": "addon:block/wavy_hair_grass" },
        { "predicate": {"custom_model_data": 71 }, "model": "addon:block/wild_basil" },
        { "predicate": {"custom_model_data": 72 }, "model": "addon:block/wild_dagga" },
        { "predicate": {"custom_model_data": 73 }, "model": "addon:block/wild_daisy" },
        { "predicate": {"custom_model_data": 74 }, "model": "addon:block/wild_parsley" }
    ]
}